Time (%),Total Time (ns),Num Calls,Avg (ns),Med (ns),Min (ns),Max (ns),StdDev (ns),Name
48.8,18453849584,1176,15692049.0,19120056.0,946768,27522064,9037934.1,cudaDeviceSynchronize
25.4,9600672480,46098,208266.6,9488.0,2272,16799888,1219883.4,cudaMemcpy
23.7,8979489520,1200178,7481.8,3920.0,2016,1923552,26822.0,cudaLaunchKernel
0.8,286014976,44208,6469.8,4624.0,1968,1446832,18035.1,cuLaunchKernel
0.6,226779648,44208,5129.8,4512.0,2144,1359184,10877.4,cudaLaunchKernelExC_v11060
0.3,119860720,1200178,99.9,80.0,0,44864,185.5,cuKernelGetName
0.2,78427392,44208,1774.1,1408.0,320,955072,9024.2,cudaEventRecord
0.1,29092048,221040,131.6,112.0,0,49792,225.7,cuStreamGetCaptureInfo_v2
0.1,22793920,44208,515.6,368.0,96,53584,896.5,cuKernelGetFunction
0.0,14715120,877,16778.9,18656.0,2688,51680,6198.9,cudaStreamSynchronize
