Time (%),Total Time (ns),Instances,Avg (ns),Med (ns),Min (ns),Max (ns),StdDev (ns),Name
36.8,12534629984,112963,110962.3,62176.0,12960,3362624,195234.1,"matmul_q8_0_preq_warp8_kernel(float *, const unsigned char *, const signed char *, const float *, unsigned long, unsigned long, unsigned long, int)"
23.6,8036423488,15957,503630.0,373600.0,361504,3630400,535893.3,"moe_gate_up_mid_decode_lut_qwarp32_kernel(float *, float *, float *, const char *, const char *, const cuda_block_q8_K *, const int *, const float *, unsigned long, unsigned long, unsigned int, unsigned int, unsigned int, unsigned int, float)"
10.8,3662628512,22104,165699.8,165760.0,150592,351168,6618.5,"grouped_q8_0_a_preq_warp8_kernel(float *, const unsigned char *, const signed char *, const float *, unsigned long, unsigned long, unsigned int, unsigned int, unsigned long, int)"
9.8,3337931200,15957,209182.9,163488.0,154016,1371584,190947.9,"void moe_down_sum_qwarp32_kernel<(unsigned int)6, (bool)0>(float *, const char *, const cuda_block_q8_K *, const int *, unsigned long, unsigned long, unsigned int, unsigned int, unsigned int)"
4.8,1639837440,10773,152217.3,6400.0,2400,1693696,411374.7,"std::enable_if<!T7, void>::type internal::gemvx::kernel<int, int, __half, float, float, float, (bool)0, (bool)1, (bool)1, (bool)0, (int)7, (bool)0, cublasGemvParamsEx<int, cublasGemvTensorStridedBatched<const __half>, cublasGemvTensorStridedBatched<const float>, cublasGemvTensorStridedBatched<float>, float>>(T13)"
2.2,737161664,22096,33361.8,41312.0,9248,134464,14653.6,"matmul_f32_kernel(float *, const float *, const float *, unsigned long, unsigned long, unsigned long)"
2.0,693340192,5265,131688.5,108832.0,73184,560544,77503.6,"void matmul_q8_0_mma_exact_kernel<(unsigned int)32>(float *, const unsigned char *, const signed char *, const float *, unsigned long, unsigned long, unsigned long, unsigned long, unsigned long, unsigned long)"
1.6,536712224,66972,8014.0,6016.0,1472,79264,4719.1,"rms_norm_weight_kernel(float *, const float *, const float *, unsigned int, unsigned int, float)"
0.9,315201600,330566,953.5,896.0,832,59264,650.6,"dsv41_bf16_kernel(float *, unsigned long)"
0.9,311783008,44200,7053.9,7072.0,2752,102304,3413.9,void cutlass::Kernel2<cutlass_80_wmma_tensorop_s161616gemm_f16_32x32_128x2_tn_align8>(T1::Params)
0.9,294362208,22044,13353.4,13744.0,3456,66176,5512.0,"attention_decode_score_split_finalize_kernel(float *, const float *, const float *, const float *, const float *, unsigned int, unsigned int, unsigned int, unsigned int, unsigned int, unsigned int, unsigned int, unsigned int, unsigned int)"
0.8,269153568,4415,60963.4,60608.0,57088,137856,3278.2,"std::enable_if<!T7, void>::type internal::gemvx::kernel<int, int, __half, float, float, float, (bool)0, (bool)1, (bool)1, (bool)0, (int)6, (bool)0, cublasGemvParamsEx<int, cublasGemvTensorStridedBatched<const __half>, cublasGemvTensorStridedBatched<const float>, cublasGemvTensorStridedBatched<float>, float>>(T13)"
0.8,256288384,73489,3487.4,3520.0,2496,66464,1293.0,"dsv41_rope_kernel(float *, dsv41_rope_args)"
0.7,229146720,22044,10395.0,9280.0,4352,76576,2898.9,"attention_decode_score_split_scores_tile512_kernel(float *, const float *, const float *, const float *, const float *, unsigned int, unsigned int, unsigned int, unsigned int, unsigned int, unsigned int, unsigned int, unsigned int, unsigned int, unsigned int)"
0.5,169280000,31915,5304.1,5280.0,4864,35744,542.2,"rms_norm_plain_batch8_kernel(float *, const float *, unsigned int, unsigned int, float)"
0.4,140842560,15957,8826.4,8800.0,8480,53824,743.6,"void router_select_warp_topk_kernel<(unsigned int)384>(int *, float *, float *, const float *, const int *, const float *, const int *, int, unsigned int, unsigned int, int, int)"
0.4,140801504,118228,1190.9,1056.0,992,59840,671.9,"quantize_q8_0_f32_kernel(signed char *, float *, const float *, unsigned long, unsigned long)"
0.3,96850624,31915,3034.6,3008.0,2944,53088,552.0,"hc_split_sinkhorn_kernel(float *, const float *, const float *, const float *, unsigned int, unsigned int, float)"
0.2,77053472,31914,2414.4,2112.0,1952,55840,1314.4,"hc_expand_kernel(float *, const float *, const float *, const float *, const float *, const float *, const float *, unsigned int, unsigned int, unsigned int, unsigned int, unsigned int, int, int)"
0.2,74307136,44200,1681.2,1632.0,1504,52448,827.0,"void cublasLt::splitKreduce_kernel<(int)32, (int)16, int, float, float, float, float, (bool)0, float, float, float, (bool)1, (bool)0, (bool)0, (bool)0>(cublasLt::cublasSplitKParams<T6>, const T4 *, const T10 *, T9 *, T5 *, const T6 *, const T6 *, const T11 *, const T4 *, T11 *, void *, long, T6 *, int *, T6 *, T6 *, const T6 *, const T6 *, const T6 *, const T6 *, const T6 *)"
0.2,60958400,31914,1910.1,1696.0,1632,42272,770.3,"q8_K_quantize_kernel(cuda_block_q8_K *, const float *, unsigned int, unsigned int)"
0.2,53857056,20944,2571.5,2240.0,1120,59968,1698.5,"dsv41_gather_kernel(float *, const float *, const int *, unsigned int)"
0.2,52275136,798,65507.7,64608.0,63296,237568,10131.7,"dsv41_engram_kernel(float *, const float *, const float *, const float *, const unsigned char *, unsigned int, float)"
0.1,46898688,47103,995.7,896.0,800,54752,801.6,"f32_to_f16_kernel(__half *, const float *, unsigned long)"
0.1,44763552,29281,1528.8,1440.0,1280,49536,682.6,"dsv41_quantize_kernel(float *, unsigned int, unsigned int, unsigned int)"
0.1,40996448,32294,1269.5,1248.0,1024,39328,599.6,"hc_weighted_sum_kernel(float *, const float *, const float *, unsigned int, unsigned int, unsigned int, unsigned int)"
0.1,37882528,22104,1713.8,1664.0,1568,54976,935.0,"quantize_q8_0_group_slice_rows_kernel(signed char *, float *, const float *, unsigned long, unsigned long, unsigned int, unsigned int, unsigned int)"
0.1,34464128,4911,7017.7,7040.0,6112,42944,1050.4,"void indexer_topk_pow2_kernel<(unsigned int)256>(unsigned int *, const float *, unsigned int, unsigned int, unsigned int)"
0.1,25553632,15080,1694.5,1632.0,1312,50080,561.8,"stream_resident_resolve_kernel(int *, const int *, const int *, unsigned int, unsigned int)"
0.1,25185536,4415,5704.5,5408.0,4096,52992,1666.9,"dsv41_index_scores_kernel(float *, const float *, const float *, const float *, unsigned int, unsigned int, unsigned int)"
0.1,23935360,15957,1500.0,1408.0,864,55648,1061.8,"add_kernel(float *, const float *, const float *, unsigned int)"
0.0,15573376,15957,976.0,928.0,864,44544,691.2,"swiglu_kernel(float *, const float *, const float *, unsigned int, float, float)"
0.0,4736160,2765,1712.9,1664.0,1152,23712,947.2,"dsv41_candidates_kernel(float *, const float *, const float *, unsigned int, unsigned int, unsigned int, unsigned int)"
0.0,1933984,553,3497.3,3296.0,928,17344,1456.8,"embed_token_hc_kernel(float *, const unsigned short *, unsigned int, unsigned int, unsigned int)"
0.0,1288256,828,1555.9,1408.0,1280,23104,1249.1,"dsv41_pool_kernel(float *, const float *, const float *, const float *, const float *, unsigned int, unsigned int, unsigned int)"
0.0,1112064,553,2011.0,1952.0,1280,6944,560.6,"topk_mask_kernel(float *, const unsigned int *, unsigned int, unsigned int, unsigned int)"
0.0,781600,60,13026.7,12512.0,12352,34304,2999.2,"attention_decode_mixed_kernel(float *, const float *, const float *, const float *, const float *, const float *, unsigned int, unsigned int, unsigned int, unsigned int, unsigned int, unsigned int, unsigned int, unsigned int, unsigned int, unsigned int, unsigned int, unsigned int)"
0.0,158976,57,2789.1,2336.0,2144,13440,1696.4,"indexer_top1_kernel(unsigned int *, const float *, unsigned int, unsigned int)"
